title,offer_type,rating,review_count,old_price,new_price,JM,condition,review_index,review_text,review_likes,review_stars,review_date
Nivel Láser Autonivelante 360° 16 Líneas Verde Con Trípode,OFERTA DEL DÍA,4.7,604,0.0,1024.0,0,Nuevo,1,Cumple su función viene con todo lo necesario para su funcionamiento.,7,4,13 mar. 2025
Nivel Láser Autonivelante 360° 16 Líneas Verde Con Trípode,OFERTA DEL DÍA,4.7,604,0.0,1024.0,0,Nuevo,2,,4,5,30 mar. 2025
Nivel Láser Autonivelante 360° 16 Líneas Verde Con Trípode,OFERTA DEL DÍA,4.7,604,0.0,1024.0,0,Nuevo,3,Muy buen producto.,4,5,06 dic. 2024
Nivel Láser Autonivelante 360° 16 Líneas Verde Con Trípode,OFERTA DEL DÍA,4.7,604,0.0,1024.0,0,Nuevo,4,Me pareció muy práctico y facil de usar solo lo que no me gustó es que venía con unos rayones (se ve en la foto ) y las pilas me sorprendieron mucho pues tienen buena duración 👍👍.,3,5,27 dic. 2024
Nivel Láser Autonivelante 360° 16 Líneas Verde Con Trípode,OFERTA DEL DÍA,4.7,604,0.0,1024.0,0,Nuevo,5,Recomendadisimo!! lo uso para trazar canceleria de vidrio y aluminio y es superior a los demás!.,2,5,23 nov. 2024
Nivel Láser Autonivelante 360° 16 Líneas Verde Con Trípode,OFERTA DEL DÍA,4.7,604,0.0,1024.0,0,Nuevo,6,Muy bueno 😃.,2,5,15 nov. 2024
Nivel Láser Autonivelante 360° 16 Líneas Verde Con Trípode,OFERTA DEL DÍA,4.7,604,0.0,1024.0,0,Nuevo,7,"Muy buen concepto y producto si suben la calidad de los materiales del nivel sin dudarlo lo compraría nuevamente tiene mucho margen de mejoras, pero aún así lo recomiendo.",1,4,15 mar. 2025
Nivel Láser Autonivelante 360° 16 Líneas Verde Con Trípode,OFERTA DEL DÍA,4.7,604,0.0,1024.0,0,Nuevo,8,Cumple con todas sus características y funcionalidad 💯 x 💯 recomendable.,1,5,08 mar. 2025
Nivel Láser Autonivelante 360° 16 Líneas Verde Con Trípode,OFERTA DEL DÍA,4.7,604,0.0,1024.0,0,Nuevo,9,Me gusto el producto.,1,5,24 feb. 2025
Nivel Láser Autonivelante 360° 16 Líneas Verde Con Trípode,OFERTA DEL DÍA,4.7,604,0.0,1024.0,0,Nuevo,10,Muy bueno.,1,5,28 ene. 2025
Nivel Láser Autonivelante 360° 16 Líneas Verde Con Trípode,OFERTA DEL DÍA,4.7,604,0.0,1024.0,0,Nuevo,11,Excelente.,1,5,28 nov. 2024
Nivel Láser Autonivelante 360° 16 Líneas Verde Con Trípode,OFERTA DEL DÍA,4.7,604,0.0,1024.0,0,Nuevo,12,"Tofo funciona perfecto, muy fácil de usar y es muy preciso. Trae varios accesorios, cosa que todos los demás no y eso es un punto a favor. Buena calidad en los materiales y buen funcionamiento. Todo excelente.",0,5,17 may. 2025
Nivel Láser Autonivelante 360° 16 Líneas Verde Con Trípode,OFERTA DEL DÍA,4.7,604,0.0,1024.0,0,Nuevo,13,"Fácil de usar. Espero dure mucho tiempo. La batería dura como 2 horas seguidas, y viene en mochila de nylon para su transportación.",0,5,14 abr. 2025
Nivel Láser Autonivelante 360° 16 Líneas Verde Con Trípode,OFERTA DEL DÍA,4.7,604,0.0,1024.0,0,Nuevo,14,Esta genial muy practico para trasladar eficiente y tiene un margen de confiabilidad 0. 05.,0,4,24 feb. 2025
Nivel Láser Autonivelante 360° 16 Líneas Verde Con Trípode,OFERTA DEL DÍA,4.7,604,0.0,1024.0,0,Nuevo,15,,0,5,07 abr. 2025
Nivel Láser Autonivelante 360° 16 Líneas Verde Con Trípode,OFERTA DEL DÍA,4.7,604,0.0,1024.0,0,Nuevo,16,"Muy practico, cumple lo que promete.",0,5,28 mar. 2025
Nivel Láser Autonivelante 360° 16 Líneas Verde Con Trípode,OFERTA DEL DÍA,4.7,604,0.0,1024.0,0,Nuevo,17,Es justo lo que esperaba. Práctico y funcional.,0,5,09 mar. 2025
Nivel Láser Autonivelante 360° 16 Líneas Verde Con Trípode,OFERTA DEL DÍA,4.7,604,0.0,1024.0,0,Nuevo,18,Buen producto así es perfecto lo que buscaba.,0,5,02 mar. 2025
Nivel Láser Autonivelante 360° 16 Líneas Verde Con Trípode,OFERTA DEL DÍA,4.7,604,0.0,1024.0,0,Nuevo,19,Esta súper bien muy práctico me encantó.,0,5,20 feb. 2025
Nivel Láser Autonivelante 360° 16 Líneas Verde Con Trípode,OFERTA DEL DÍA,4.7,604,0.0,1024.0,0,Nuevo,20,,0,5,14 feb. 2025
Nivel Láser Autonivelante 360° 16 Líneas Verde Con Trípode,OFERTA DEL DÍA,4.7,604,0.0,1024.0,0,Nuevo,21,Buena calidad pero vino los lentes rotos.,0,5,16 may. 2025
Nivel Láser Autonivelante 360° 16 Líneas Verde Con Trípode,OFERTA DEL DÍA,4.7,604,0.0,1024.0,0,Nuevo,22,"Muy útil y práctico. Me encantó la cantidad de accesorios que tiene, precio calidad está bastante bien.",0,5,09 abr. 2025
Nivel Láser Autonivelante 360° 16 Líneas Verde Con Trípode,OFERTA DEL DÍA,4.7,604,0.0,1024.0,0,Nuevo,23,Excelente producto estoy alineando unas tuberías y están quedando muy bien.,0,5,27 mar. 2025
Nivel Láser Autonivelante 360° 16 Líneas Verde Con Trípode,OFERTA DEL DÍA,4.7,604,0.0,1024.0,0,Nuevo,24,"Excelente producto, viene envuelta en un maletín especial que lo protege y lo usas también para guardarlo, respecto al laser funciona a la perfección ya vienen dos pilas pre cargadas.",0,5,07 ene. 2025
Nivel Láser Autonivelante 360° 16 Líneas Verde Con Trípode,OFERTA DEL DÍA,4.7,604,0.0,1024.0,0,Nuevo,25,,0,5,25 may. 2025
Nivel Láser Autonivelante 360° 16 Líneas Verde Con Trípode,OFERTA DEL DÍA,4.7,604,0.0,1024.0,0,Nuevo,26,"Excelente, hasta el momento. Ya veremps deapues.",0,5,22 may. 2025
Nivel Láser Autonivelante 360° 16 Líneas Verde Con Trípode,OFERTA DEL DÍA,4.7,604,0.0,1024.0,0,Nuevo,27,Excelente.,0,5,21 may. 2025
Nivel Láser Autonivelante 360° 16 Líneas Verde Con Trípode,OFERTA DEL DÍA,4.7,604,0.0,1024.0,0,Nuevo,28,"Es muy bueno, tiene distintas funciones y me ha ayudado muchísimo, recomendado.",0,5,20 may. 2025
Nivel Láser Autonivelante 360° 16 Líneas Verde Con Trípode,OFERTA DEL DÍA,4.7,604,0.0,1024.0,0,Nuevo,29,"Buen producto. Lo recomiendo, es económico y funciona bien. Los accesorios no son lo mejor. Pero tómalo como si fuera un regalo.",0,4,20 may. 2025
Nivel Láser Autonivelante 360° 16 Líneas Verde Con Trípode,OFERTA DEL DÍA,4.7,604,0.0,1024.0,0,Nuevo,30,Execelente 9 de 10.,0,4,20 may. 2025
Nivel Láser Autonivelante 360° 16 Líneas Verde Con Trípode,OFERTA DEL DÍA,4.7,604,0.0,1024.0,0,Nuevo,31,Excelente y facil de usar.,0,5,19 may. 2025
Nivel Láser Autonivelante 360° 16 Líneas Verde Con Trípode,OFERTA DEL DÍA,4.7,604,0.0,1024.0,0,Nuevo,32,"Funciona bien. Le estoy dando 4 estrellas porque en las especificaciones del producto dice que trae punto de plomada y no lo trae,.",0,4,19 may. 2025
Nivel Láser Autonivelante 360° 16 Líneas Verde Con Trípode,OFERTA DEL DÍA,4.7,604,0.0,1024.0,0,Nuevo,33,Muy bien producto el material resistente y de buena calidad.,0,5,18 may. 2025
Nivel Láser Autonivelante 360° 16 Líneas Verde Con Trípode,OFERTA DEL DÍA,4.7,604,0.0,1024.0,0,Nuevo,34,Muy buena.,0,5,18 may. 2025
Nivel Láser Autonivelante 360° 16 Líneas Verde Con Trípode,OFERTA DEL DÍA,4.7,604,0.0,1024.0,0,Nuevo,35,Regular.,0,5,17 may. 2025
Nivel Láser Autonivelante 360° 16 Líneas Verde Con Trípode,OFERTA DEL DÍA,4.7,604,0.0,1024.0,0,Nuevo,36,Excelente producto muy completo.,0,5,17 may. 2025
Nivel Láser Autonivelante 360° 16 Líneas Verde Con Trípode,OFERTA DEL DÍA,4.7,604,0.0,1024.0,0,Nuevo,37,Tiene las tres b muy bueno.,0,5,16 may. 2025
Nivel Láser Autonivelante 360° 16 Líneas Verde Con Trípode,OFERTA DEL DÍA,4.7,604,0.0,1024.0,0,Nuevo,38,"Viene muy completo, excelente para poder trabajar con ello.",0,5,16 may. 2025
Nivel Láser Autonivelante 360° 16 Líneas Verde Con Trípode,OFERTA DEL DÍA,4.7,604,0.0,1024.0,0,Nuevo,39,Muy bien excelente lo recomiendo.,0,5,14 may. 2025
Nivel Láser Autonivelante 360° 16 Líneas Verde Con Trípode,OFERTA DEL DÍA,4.7,604,0.0,1024.0,0,Nuevo,40,Bueno.,0,5,14 may. 2025
Nivel Láser Autonivelante 360° 16 Líneas Verde Con Trípode,OFERTA DEL DÍA,4.7,604,0.0,1024.0,0,Nuevo,41,Exelente.,0,5,12 may. 2025
Nivel Láser Autonivelante 360° 16 Líneas Verde Con Trípode,OFERTA DEL DÍA,4.7,604,0.0,1024.0,0,Nuevo,42,Excelente.,0,5,11 may. 2025
Nivel Láser Autonivelante 360° 16 Líneas Verde Con Trípode,OFERTA DEL DÍA,4.7,604,0.0,1024.0,0,Nuevo,43,Genial.,0,5,11 may. 2025
Nivel Láser Autonivelante 360° 16 Líneas Verde Con Trípode,OFERTA DEL DÍA,4.7,604,0.0,1024.0,0,Nuevo,44,Excelente.,0,5,10 may. 2025
Nivel Láser Autonivelante 360° 16 Líneas Verde Con Trípode,OFERTA DEL DÍA,4.7,604,0.0,1024.0,0,Nuevo,45,"Exelente producto,calidad de materiales, muy práctico.",0,5,09 may. 2025
Nivel Láser Autonivelante 360° 16 Líneas Verde Con Trípode,OFERTA DEL DÍA,4.7,604,0.0,1024.0,0,Nuevo,46,"Salio buen producto, el plus para mi fue el controlsito inalámbrico. Ya lo use varias veces, la pila dura maximo 8 horas, pero incluye 2, super bien.",0,4,09 may. 2025
Nivel Láser Autonivelante 360° 16 Líneas Verde Con Trípode,OFERTA DEL DÍA,4.7,604,0.0,1024.0,0,Nuevo,47,Buen producto lo recomiendo.,0,4,08 may. 2025
Nivel Láser Autonivelante 360° 16 Líneas Verde Con Trípode,OFERTA DEL DÍA,4.7,604,0.0,1024.0,0,Nuevo,48,Me pareció muy bueno buena luz en las líneas seve vien.,0,5,08 may. 2025
Nivel Láser Autonivelante 360° 16 Líneas Verde Con Trípode,OFERTA DEL DÍA,4.7,604,0.0,1024.0,0,Nuevo,49,Muy práctico y facil de usar. Excelente producto. Bateria muy duradera.,0,5,07 may. 2025
Nivel Láser Autonivelante 360° 16 Líneas Verde Con Trípode,OFERTA DEL DÍA,4.7,604,0.0,1024.0,0,Nuevo,50,Es muy bueno yo lo recomiendo.,0,5,06 may. 2025
Nivel Láser Autonivelante 360° 16 Líneas Verde Con Trípode,OFERTA DEL DÍA,4.7,604,0.0,1024.0,0,Nuevo,51,Muy practico y facil de usar viene mui completo viene con todos sus soportes.,0,5,06 may. 2025
Nivel Láser Autonivelante 360° 16 Líneas Verde Con Trípode,OFERTA DEL DÍA,4.7,604,0.0,1024.0,0,Nuevo,52,Excelente producto.,0,5,05 may. 2025
Nivel Láser Autonivelante 360° 16 Líneas Verde Con Trípode,OFERTA DEL DÍA,4.7,604,0.0,1024.0,0,Nuevo,53,"Buen producto, pero no es para cuando hay mucha luz, tiene que estar con poca luz, perouy bueno.",0,4,05 may. 2025
Nivel Láser Autonivelante 360° 16 Líneas Verde Con Trípode,OFERTA DEL DÍA,4.7,604,0.0,1024.0,0,Nuevo,54,Solo un inconveniente no facturan.,0,5,03 may. 2025
Nivel Láser Autonivelante 360° 16 Líneas Verde Con Trípode,OFERTA DEL DÍA,4.7,604,0.0,1024.0,0,Nuevo,55,Me sirvió de maravilla en mi casa. No soy un profesional para hacer proyectos en casa está ideal.,0,5,02 may. 2025
Nivel Láser Autonivelante 360° 16 Líneas Verde Con Trípode,OFERTA DEL DÍA,4.7,604,0.0,1024.0,0,Nuevo,56,Muy buen producto lo recomiendo 👍🏾.,0,5,02 may. 2025
Nivel Láser Autonivelante 360° 16 Líneas Verde Con Trípode,OFERTA DEL DÍA,4.7,604,0.0,1024.0,0,Nuevo,57,"Está bueno, la verdad y completo.",0,4,01 may. 2025
Nivel Láser Autonivelante 360° 16 Líneas Verde Con Trípode,OFERTA DEL DÍA,4.7,604,0.0,1024.0,0,Nuevo,58,"Funciona muy bien. Todas la funciones vas de maravilla. En lugares iluminados se pierde un poco pero es normal. La batería dura casi 1 hora con una linea y trae dos baterías. El tripié está un poco bajo y frágil, se va un poco de lado el láser cuando lo posicionas en el tripie. El soporte con imán es fuerte. Los plumones chinos que trae son una chulada marcan y no se borran jamás.",0,5,30 abr. 2025
Nivel Láser Autonivelante 360° 16 Líneas Verde Con Trípode,OFERTA DEL DÍA,4.7,604,0.0,1024.0,0,Nuevo,59,"Más de lo que esperaba, se autonivela al dejarlo en el triple, obviamente hay que procurar dejarlo bien colocado para que sea mucho más preciso.",0,5,29 abr. 2025
Nivel Láser Autonivelante 360° 16 Líneas Verde Con Trípode,OFERTA DEL DÍA,4.7,604,0.0,1024.0,0,Nuevo,60,Funciona perfectamente.,0,5,28 abr. 2025
Nivel Láser Autonivelante 360° 16 Líneas Verde Con Trípode,OFERTA DEL DÍA,4.7,604,0.0,1024.0,0,Nuevo,61,Hasta el momento muy buen nivel laser para el precio está muy justo.,0,5,27 abr. 2025
Nivel Láser Autonivelante 360° 16 Líneas Verde Con Trípode,OFERTA DEL DÍA,4.7,604,0.0,1024.0,0,Nuevo,62,Muy práctico.,0,5,27 abr. 2025
Nivel Láser Autonivelante 360° 16 Líneas Verde Con Trípode,OFERTA DEL DÍA,4.7,604,0.0,1024.0,0,Nuevo,63,Muy buen nivel.,0,5,25 abr. 2025
Nivel Láser Autonivelante 360° 16 Líneas Verde Con Trípode,OFERTA DEL DÍA,4.7,604,0.0,1024.0,0,Nuevo,64,👌🏽.,0,5,25 abr. 2025
Nivel Láser Autonivelante 360° 16 Líneas Verde Con Trípode,OFERTA DEL DÍA,4.7,604,0.0,1024.0,0,Nuevo,65,El producto excelente solo le falta un manual más detallado para las configuraciones de ensamble.,0,5,23 abr. 2025
Nivel Láser Autonivelante 360° 16 Líneas Verde Con Trípode,OFERTA DEL DÍA,4.7,604,0.0,1024.0,0,Nuevo,66,Exelente producto.,0,5,23 abr. 2025
Nivel Láser Autonivelante 360° 16 Líneas Verde Con Trípode,OFERTA DEL DÍA,4.7,604,0.0,1024.0,0,Nuevo,67,En algunas no puse 5 estrellas porque fue un regalo para un hermano y a este le encantó facilitando los trabajos en casa.,0,4,22 abr. 2025
Nivel Láser Autonivelante 360° 16 Líneas Verde Con Trípode,OFERTA DEL DÍA,4.7,604,0.0,1024.0,0,Nuevo,68,"Muy práctico, buena relación calidad precio; nos facilita el trabajo en las instalaciones de cocinas. La batería aún no la he recargado.",0,5,22 abr. 2025
Nivel Láser Autonivelante 360° 16 Líneas Verde Con Trípode,OFERTA DEL DÍA,4.7,604,0.0,1024.0,0,Nuevo,69,Bueno y practico facilita el trabajo.,0,5,22 abr. 2025
Nivel Láser Autonivelante 360° 16 Líneas Verde Con Trípode,OFERTA DEL DÍA,4.7,604,0.0,1024.0,0,Nuevo,70,"Muy confiable y muy buena duración de la batería, lo recomiendo.",0,5,21 abr. 2025
Nivel Láser Autonivelante 360° 16 Líneas Verde Con Trípode,OFERTA DEL DÍA,4.7,604,0.0,1024.0,0,Nuevo,71,"Me parece una muy bueno opción, una batería le dura 8 hrs aprox y los complementos ayudan bastante.",0,5,17 abr. 2025
Nivel Láser Autonivelante 360° 16 Líneas Verde Con Trípode,OFERTA DEL DÍA,4.7,604,0.0,1024.0,0,Nuevo,72,Excelente producto le dura bastante la pila muy buenos materiales lo recomiendo.,0,5,17 abr. 2025
Nivel Láser Autonivelante 360° 16 Líneas Verde Con Trípode,OFERTA DEL DÍA,4.7,604,0.0,1024.0,0,Nuevo,73,Muy bien.,0,5,15 abr. 2025
Nivel Láser Autonivelante 360° 16 Líneas Verde Con Trípode,OFERTA DEL DÍA,4.7,604,0.0,1024.0,0,Nuevo,74,"Esta de lujo, tiene muchos aditamentos para diferentes usos y dependiendo el trabajo que lo vallas a ocupar.",0,5,15 abr. 2025
Nivel Láser Autonivelante 360° 16 Líneas Verde Con Trípode,OFERTA DEL DÍA,4.7,604,0.0,1024.0,0,Nuevo,75,"Es un producto increíble, muy fácil de usar y super funcional.",0,5,13 abr. 2025
Nivel Láser Autonivelante 360° 16 Líneas Verde Con Trípode,OFERTA DEL DÍA,4.7,604,0.0,1024.0,0,Nuevo,76,Justo.,0,5,11 abr. 2025
Nivel Láser Autonivelante 360° 16 Líneas Verde Con Trípode,OFERTA DEL DÍA,4.7,604,0.0,1024.0,0,Nuevo,77,Buen producto.,0,5,09 abr. 2025
Nivel Láser Autonivelante 360° 16 Líneas Verde Con Trípode,OFERTA DEL DÍA,4.7,604,0.0,1024.0,0,Nuevo,78,Muy buen producto.,0,5,08 abr. 2025
Nivel Láser Autonivelante 360° 16 Líneas Verde Con Trípode,OFERTA DEL DÍA,4.7,604,0.0,1024.0,0,Nuevo,79,"Es un producto excelente. Creo que el precio es demasiado bueno, sin embargo la calidad de los materiales en accesorios puede ser mejor aunque el precio se eleve; eso no le restaría beneficio al producto.",0,5,07 abr. 2025
Nivel Láser Autonivelante 360° 16 Líneas Verde Con Trípode,OFERTA DEL DÍA,4.7,604,0.0,1024.0,0,Nuevo,80,Muy buen producto.,0,5,07 abr. 2025
Nivel Láser Autonivelante 360° 16 Líneas Verde Con Trípode,OFERTA DEL DÍA,4.7,604,0.0,1024.0,0,Nuevo,81,La luz de difumina mucho el el día soleado.,0,4,07 abr. 2025
Nivel Láser Autonivelante 360° 16 Líneas Verde Con Trípode,OFERTA DEL DÍA,4.7,604,0.0,1024.0,0,Nuevo,82,Sirve bastante para nivelar.,0,5,06 abr. 2025
Nivel Láser Autonivelante 360° 16 Líneas Verde Con Trípode,OFERTA DEL DÍA,4.7,604,0.0,1024.0,0,Nuevo,83,Muy bueno.,0,5,06 abr. 2025
Nivel Láser Autonivelante 360° 16 Líneas Verde Con Trípode,OFERTA DEL DÍA,4.7,604,0.0,1024.0,0,Nuevo,84,"Todo muy bien, excelente producto sin complicaciones en todos el proceso.",0,5,05 abr. 2025
Nivel Láser Autonivelante 360° 16 Líneas Verde Con Trípode,OFERTA DEL DÍA,4.7,604,0.0,1024.0,0,Nuevo,85,Muy bien cuenta con todo lo que viene en las fotos fácil de usar.,0,5,05 abr. 2025
Nivel Láser Autonivelante 360° 16 Líneas Verde Con Trípode,OFERTA DEL DÍA,4.7,604,0.0,1024.0,0,Nuevo,86,Muy bueno 👌 lo volvería a comprar.,0,5,02 abr. 2025
Nivel Láser Autonivelante 360° 16 Líneas Verde Con Trípode,OFERTA DEL DÍA,4.7,604,0.0,1024.0,0,Nuevo,87,Exelente.,0,5,01 abr. 2025
Nivel Láser Autonivelante 360° 16 Líneas Verde Con Trípode,OFERTA DEL DÍA,4.7,604,0.0,1024.0,0,Nuevo,88,Excelente producto muy practico para nuestro trabajo.,0,5,01 abr. 2025
Nivel Láser Autonivelante 360° 16 Líneas Verde Con Trípode,OFERTA DEL DÍA,4.7,604,0.0,1024.0,0,Nuevo,89,"Muy hermoso, cumple con su función y se facilita el trabajo.",0,5,31 mar. 2025
Nivel Láser Autonivelante 360° 16 Líneas Verde Con Trípode,OFERTA DEL DÍA,4.7,604,0.0,1024.0,0,Nuevo,90,Funcia muy bien.,0,5,27 mar. 2025
Nivel Láser Autonivelante 360° 16 Líneas Verde Con Trípode,OFERTA DEL DÍA,4.7,604,0.0,1024.0,0,Nuevo,91,Bueno.,0,4,22 mar. 2025
Nivel Láser Autonivelante 360° 16 Líneas Verde Con Trípode,OFERTA DEL DÍA,4.7,604,0.0,1024.0,0,Nuevo,92,Bastante eficiente lo recomiendo 👌😌.,0,4,22 mar. 2025
Nivel Láser Autonivelante 360° 16 Líneas Verde Con Trípode,OFERTA DEL DÍA,4.7,604,0.0,1024.0,0,Nuevo,93,Excelente compra.,0,5,22 mar. 2025
Nivel Láser Autonivelante 360° 16 Líneas Verde Con Trípode,OFERTA DEL DÍA,4.7,604,0.0,1024.0,0,Nuevo,94,"Excelente producto,cumple muy bien su función.",0,5,21 mar. 2025
Nivel Láser Autonivelante 360° 16 Líneas Verde Con Trípode,OFERTA DEL DÍA,4.7,604,0.0,1024.0,0,Nuevo,95,Exelente calidad.,0,5,20 mar. 2025
Nivel Láser Autonivelante 360° 16 Líneas Verde Con Trípode,OFERTA DEL DÍA,4.7,604,0.0,1024.0,0,Nuevo,96,Está muy bien lo revise con otro de alta gama y no tiene error lo único es que le falta un poco de fuerza al laser.,0,4,16 mar. 2025
Nivel Láser Autonivelante 360° 16 Líneas Verde Con Trípode,OFERTA DEL DÍA,4.7,604,0.0,1024.0,0,Nuevo,97,El producto esta muy bien y cumple bien su función.,0,4,15 mar. 2025
Nivel Láser Autonivelante 360° 16 Líneas Verde Con Trípode,OFERTA DEL DÍA,4.7,604,0.0,1024.0,0,Nuevo,98,Esta muy bueno jala al 100.,0,5,14 mar. 2025
Nivel Láser Autonivelante 360° 16 Líneas Verde Con Trípode,OFERTA DEL DÍA,4.7,604,0.0,1024.0,0,Nuevo,99,Muy útil y práctico.,0,5,13 mar. 2025
Nivel Láser Autonivelante 360° 16 Líneas Verde Con Trípode,OFERTA DEL DÍA,4.7,604,0.0,1024.0,0,Nuevo,100,El producto ofrece buen manejo y claro facilita mejor el trabajo.,0,4,13 mar. 2025
Nivel Láser Autonivelante 360° 16 Líneas Verde Con Trípode,OFERTA DEL DÍA,4.7,604,0.0,1024.0,0,Nuevo,101,Cumple con su trabajo.,0,5,12 mar. 2025
Nivel Láser Autonivelante 360° 16 Líneas Verde Con Trípode,OFERTA DEL DÍA,4.7,604,0.0,1024.0,0,Nuevo,102,Muy practico.,0,5,10 mar. 2025
Nivel Láser Autonivelante 360° 16 Líneas Verde Con Trípode,OFERTA DEL DÍA,4.7,604,0.0,1024.0,0,Nuevo,103,Excelente producto justo lo que necesitaba para armar los plafones de suspensión la verdad si es muy útil excelente 👌 en el precio y calidad.,0,5,10 mar. 2025
Nivel Láser Autonivelante 360° 16 Líneas Verde Con Trípode,OFERTA DEL DÍA,4.7,604,0.0,1024.0,0,Nuevo,104,Buena hta. Vale la pena la comprá.,0,5,06 mar. 2025
Nivel Láser Autonivelante 360° 16 Líneas Verde Con Trípode,OFERTA DEL DÍA,4.7,604,0.0,1024.0,0,Nuevo,105,Excelente producto precio calidad.,0,5,04 mar. 2025
Nivel Láser Autonivelante 360° 16 Líneas Verde Con Trípode,OFERTA DEL DÍA,4.7,604,0.0,1024.0,0,Nuevo,106,Exelente buen material.,0,5,03 mar. 2025
Nivel Láser Autonivelante 360° 16 Líneas Verde Con Trípode,OFERTA DEL DÍA,4.7,604,0.0,1024.0,0,Nuevo,107,"Excelente producto, muy completo y funcional.",0,5,02 mar. 2025
Nivel Láser Autonivelante 360° 16 Líneas Verde Con Trípode,OFERTA DEL DÍA,4.7,604,0.0,1024.0,0,Nuevo,108,"Excelente compra, gracias.",0,5,28 feb. 2025
Nivel Láser Autonivelante 360° 16 Líneas Verde Con Trípode,OFERTA DEL DÍA,4.7,604,0.0,1024.0,0,Nuevo,109,Todo funciona muy bien.,0,5,27 feb. 2025
Nivel Láser Autonivelante 360° 16 Líneas Verde Con Trípode,OFERTA DEL DÍA,4.7,604,0.0,1024.0,0,Nuevo,110,En cuestión de niveles si se sabe usar es muy preciso lo único malo que a una larga distancia ya no se ve el láser.,0,5,27 feb. 2025
Nivel Láser Autonivelante 360° 16 Líneas Verde Con Trípode,OFERTA DEL DÍA,4.7,604,0.0,1024.0,0,Nuevo,111,De muy excelente calidad y fun.,0,5,26 feb. 2025
Nivel Láser Autonivelante 360° 16 Líneas Verde Con Trípode,OFERTA DEL DÍA,4.7,604,0.0,1024.0,0,Nuevo,112,Eselente productos recomendado.,0,5,25 feb. 2025
Nivel Láser Autonivelante 360° 16 Líneas Verde Con Trípode,OFERTA DEL DÍA,4.7,604,0.0,1024.0,0,Nuevo,113,Muy bien está genial.,0,5,25 feb. 2025
Nivel Láser Autonivelante 360° 16 Líneas Verde Con Trípode,OFERTA DEL DÍA,4.7,604,0.0,1024.0,0,Nuevo,114,Super bien.,0,5,25 feb. 2025
Nivel Láser Autonivelante 360° 16 Líneas Verde Con Trípode,OFERTA DEL DÍA,4.7,604,0.0,1024.0,0,Nuevo,115,Muy buen producto me encantó y muy fácil de manejar.,0,5,23 feb. 2025
Nivel Láser Autonivelante 360° 16 Líneas Verde Con Trípode,OFERTA DEL DÍA,4.7,604,0.0,1024.0,0,Nuevo,116,"Me sorprendió más de lo que esperaba, excelente producto.",0,5,23 feb. 2025
Nivel Láser Autonivelante 360° 16 Líneas Verde Con Trípode,OFERTA DEL DÍA,4.7,604,0.0,1024.0,0,Nuevo,117,Excelente producto.,0,5,22 feb. 2025
Nivel Láser Autonivelante 360° 16 Líneas Verde Con Trípode,OFERTA DEL DÍA,4.7,604,0.0,1024.0,0,Nuevo,118,Exelente.,0,5,19 feb. 2025
Nivel Láser Autonivelante 360° 16 Líneas Verde Con Trípode,OFERTA DEL DÍA,4.7,604,0.0,1024.0,0,Nuevo,119,"Relación calidad precio buena, recomiendo comprarlo. Todo funciona bien al 100%.",0,4,19 feb. 2025
Nivel Láser Autonivelante 360° 16 Líneas Verde Con Trípode,OFERTA DEL DÍA,4.7,604,0.0,1024.0,0,Nuevo,120,Amenora el yraso de niveles y plomos lo puede hacer una sola persona.,0,5,19 feb. 2025
Nivel Láser Autonivelante 360° 16 Líneas Verde Con Trípode,OFERTA DEL DÍA,4.7,604,0.0,1024.0,0,Nuevo,121,Muy útil para empezar.,0,5,19 feb. 2025
Nivel Láser Autonivelante 360° 16 Líneas Verde Con Trípode,OFERTA DEL DÍA,4.7,604,0.0,1024.0,0,Nuevo,122,Pues muy práctico y por el precio está excelente para trabajos pequeños están muy bien.,0,4,18 feb. 2025
Nivel Láser Autonivelante 360° 16 Líneas Verde Con Trípode,OFERTA DEL DÍA,4.7,604,0.0,1024.0,0,Nuevo,123,Me gusto mucho trae todo lo necesario para el trabajo que hago.,0,5,16 feb. 2025
Nivel Láser Autonivelante 360° 16 Líneas Verde Con Trípode,OFERTA DEL DÍA,4.7,604,0.0,1024.0,0,Nuevo,124,Muy bien practico e intuitivo para utilizar.,0,5,16 feb. 2025
Nivel Láser Autonivelante 360° 16 Líneas Verde Con Trípode,OFERTA DEL DÍA,4.7,604,0.0,1024.0,0,Nuevo,125,"A relación de el precio mui buen equipo, fácil de usar práctico en cuestión de trasportarlo mui buen producto estoy satisfecho con la herramienta.",0,4,15 feb. 2025
Nivel Láser Autonivelante 360° 16 Líneas Verde Con Trípode,OFERTA DEL DÍA,4.7,604,0.0,1024.0,0,Nuevo,126,"Muy buen producto aunque la calidad de los materiales es mejorable pero por el precio está bien, muy buenos accesorios.",0,5,15 feb. 2025
Nivel Láser Autonivelante 360° 16 Líneas Verde Con Trípode,OFERTA DEL DÍA,4.7,604,0.0,1024.0,0,Nuevo,127,Excelente producto.,0,5,15 feb. 2025
Nivel Láser Autonivelante 360° 16 Líneas Verde Con Trípode,OFERTA DEL DÍA,4.7,604,0.0,1024.0,0,Nuevo,128,Bueno le dura poco la carga a las pilas.,0,5,14 feb. 2025
Nivel Láser Autonivelante 360° 16 Líneas Verde Con Trípode,OFERTA DEL DÍA,4.7,604,0.0,1024.0,0,Nuevo,129,Bueno.,0,5,13 feb. 2025
Nivel Láser Autonivelante 360° 16 Líneas Verde Con Trípode,OFERTA DEL DÍA,4.7,604,0.0,1024.0,0,Nuevo,130,Muy bien.,0,5,12 feb. 2025
Nivel Láser Autonivelante 360° 16 Líneas Verde Con Trípode,OFERTA DEL DÍA,4.7,604,0.0,1024.0,0,Nuevo,131,Está bien soy a principiante pero no me gusta batallar esta mui bien.,0,5,12 feb. 2025
Nivel Láser Autonivelante 360° 16 Líneas Verde Con Trípode,OFERTA DEL DÍA,4.7,604,0.0,1024.0,0,Nuevo,132,"Baja calidad en los materiales, pero funcional.",0,4,11 feb. 2025
Nivel Láser Autonivelante 360° 16 Líneas Verde Con Trípode,OFERTA DEL DÍA,4.7,604,0.0,1024.0,0,Nuevo,133,Le bajaron la calidad y el precio pero en general muy bien.,0,4,07 feb. 2025
Nivel Láser Autonivelante 360° 16 Líneas Verde Con Trípode,OFERTA DEL DÍA,4.7,604,0.0,1024.0,0,Nuevo,134,Me gustó mucho.,0,5,07 feb. 2025
Nivel Láser Autonivelante 360° 16 Líneas Verde Con Trípode,OFERTA DEL DÍA,4.7,604,0.0,1024.0,0,Nuevo,135,"Me encantó, biene muy completo. Por ese precio supero mis expectativas.",0,5,07 feb. 2025
Nivel Láser Autonivelante 360° 16 Líneas Verde Con Trípode,OFERTA DEL DÍA,4.7,604,0.0,1024.0,0,Nuevo,136,Chulada de producto por su precio es muy funcinal.,0,5,07 feb. 2025
Nivel Láser Autonivelante 360° 16 Líneas Verde Con Trípode,OFERTA DEL DÍA,4.7,604,0.0,1024.0,0,Nuevo,137,"Buen producto en general. Lo que si hubiera querido es que viniera con estuche rígido, tendré que comprar uno aparte. Facil de usar, muy prácticos los accesorios aunque se sienten algo frágiles. Por si les sirve, compré un receptor de laser huepar y si es compatible.",0,5,06 feb. 2025
Nivel Láser Autonivelante 360° 16 Líneas Verde Con Trípode,OFERTA DEL DÍA,4.7,604,0.0,1024.0,0,Nuevo,138,Genial.,0,5,30 ene. 2025
Nivel Láser Autonivelante 360° 16 Líneas Verde Con Trípode,OFERTA DEL DÍA,4.7,604,0.0,1024.0,0,Nuevo,139,Tiene muchas aplicaciones y sus aditamentos hace fácil el trabajo que queiras realizar. Muy bueno.,0,4,25 ene. 2025
Nivel Láser Autonivelante 360° 16 Líneas Verde Con Trípode,OFERTA DEL DÍA,4.7,604,0.0,1024.0,0,Nuevo,140,"Cumple con su función, por su precio está muy bien.",0,5,04 ene. 2025
Nivel Láser Autonivelante 360° 16 Líneas Verde Con Trípode,OFERTA DEL DÍA,4.7,604,0.0,1024.0,0,Nuevo,141,Excelente.,0,5,02 ene. 2025
Nivel Láser Autonivelante 360° 16 Líneas Verde Con Trípode,OFERTA DEL DÍA,4.7,604,0.0,1024.0,0,Nuevo,142,"Funciona excelente, es una muy buena compra y el precio es increíble.",0,5,02 ene. 2025
Nivel Láser Autonivelante 360° 16 Líneas Verde Con Trípode,OFERTA DEL DÍA,4.7,604,0.0,1024.0,0,Nuevo,143,Excelente.,0,5,31 dic. 2024
Nivel Láser Autonivelante 360° 16 Líneas Verde Con Trípode,OFERTA DEL DÍA,4.7,604,0.0,1024.0,0,Nuevo,144,No lo e probado en el trabajo pero ya lo cheque y funciona muy bien buen producto.,0,5,25 dic. 2024
Nivel Láser Autonivelante 360° 16 Líneas Verde Con Trípode,OFERTA DEL DÍA,4.7,604,0.0,1024.0,0,Nuevo,145,"No es rápido de configurar, se requiere verificar la horizontal y vertical con un nivel de mano o manguera de nivel pues al momento de que deja de sonar pensarías qué ya esta listo pero no.",0,4,22 dic. 2024
Nivel Láser Autonivelante 360° 16 Líneas Verde Con Trípode,OFERTA DEL DÍA,4.7,604,0.0,1024.0,0,Nuevo,146,Excelente producto en calidad -precio. Totalmente recomendable.,0,5,20 dic. 2024
Nivel Láser Autonivelante 360° 16 Líneas Verde Con Trípode,OFERTA DEL DÍA,4.7,604,0.0,1024.0,0,Nuevo,147,"Excelente producto, funcionamiento adecuado.",0,5,18 dic. 2024
Nivel Láser Autonivelante 360° 16 Líneas Verde Con Trípode,OFERTA DEL DÍA,4.7,604,0.0,1024.0,0,Nuevo,148,Pierde intensidad el láser conforme se acaba la batería.,0,4,17 dic. 2024
Nivel Láser Autonivelante 360° 16 Líneas Verde Con Trípode,OFERTA DEL DÍA,4.7,604,0.0,1024.0,0,Nuevo,149,Esta muy bien como inicio.,0,5,16 dic. 2024
Nivel Láser Autonivelante 360° 16 Líneas Verde Con Trípode,OFERTA DEL DÍA,4.7,604,0.0,1024.0,0,Nuevo,150,"Primera vez que uso uno de estos y me facilitó mi trabajo, de buena calidad, peso, precisión.",0,5,15 dic. 2024
Nivel Láser Autonivelante 360° 16 Líneas Verde Con Trípode,OFERTA DEL DÍA,4.7,604,0.0,1024.0,0,Nuevo,151,"Me gustó mucho este producto, es lo que necesitaba para mis trabajos si lo recomiendo al 100%.",0,5,11 dic. 2024
Nivel Láser Autonivelante 360° 16 Líneas Verde Con Trípode,OFERTA DEL DÍA,4.7,604,0.0,1024.0,0,Nuevo,152,El producto es muy bueno y se ve de buena calidad.,0,5,11 dic. 2024
Nivel Láser Autonivelante 360° 16 Líneas Verde Con Trípode,OFERTA DEL DÍA,4.7,604,0.0,1024.0,0,Nuevo,153,"Viene con todos los accesorios de la foto, quiza no es tan robusto como otras marcas mas reconocidad pero hace la funcion muy bien. Aun no pruebo la duración completa de la pila pero trae 2, el indicador de carga de bateria en el nivelador ayuda mucho.",0,5,07 dic. 2024
Nivel Láser Autonivelante 360° 16 Líneas Verde Con Trípode,OFERTA DEL DÍA,4.7,604,0.0,1024.0,0,Nuevo,154,"Buen láser para sacar las chambas esporádicas de loseta o colocar repisas,muchas de las cosas que trae son sencillas y algo corrientes. Pero el láser + trípode están perfectos para la chamba. Desconozco si la pila dura un montón ya que lo uso por ratos y todavía no me gasto la pila.",0,5,02 dic. 2024
Nivel Láser Autonivelante 360° 16 Líneas Verde Con Trípode,OFERTA DEL DÍA,4.7,604,0.0,1024.0,0,Nuevo,155,Exelente nomás le falta al estuche una coladera para transportar.,0,5,01 dic. 2024
Nivel Láser Autonivelante 360° 16 Líneas Verde Con Trípode,OFERTA DEL DÍA,4.7,604,0.0,1024.0,0,Nuevo,156,Me gusto mucho y vale la pena por el precio.,0,5,25 nov. 2024
Nivel Láser Autonivelante 360° 16 Líneas Verde Con Trípode,OFERTA DEL DÍA,4.7,604,0.0,1024.0,0,Nuevo,157,Buen precio práctico y funcional lo recomiendo.,0,4,25 nov. 2024
Nivel Láser Autonivelante 360° 16 Líneas Verde Con Trípode,OFERTA DEL DÍA,4.7,604,0.0,1024.0,0,Nuevo,158,Muy buen producto cumple con las características.,0,5,24 nov. 2024
Nivel Láser Autonivelante 360° 16 Líneas Verde Con Trípode,OFERTA DEL DÍA,4.7,604,0.0,1024.0,0,Nuevo,159,Muy bueno.,0,4,21 nov. 2024
Nivel Láser Autonivelante 360° 16 Líneas Verde Con Trípode,OFERTA DEL DÍA,4.7,604,0.0,1024.0,0,Nuevo,160,Genial y cien por ciento recomendable! tanto como precio y calidad.,0,5,16 nov. 2024
Nivel Láser Autonivelante 360° 16 Líneas Verde Con Trípode,OFERTA DEL DÍA,4.7,604,0.0,1024.0,0,Nuevo,161,Es muy bueno.,0,5,25 oct. 2024
Nivel Láser Autonivelante 360° 16 Líneas Verde Con Trípode,OFERTA DEL DÍA,4.7,604,0.0,1024.0,0,Nuevo,162,El producto es bueno.,0,3,05 abr. 2025
Nivel Láser Autonivelante 360° 16 Líneas Verde Con Trípode,OFERTA DEL DÍA,4.7,604,0.0,1024.0,0,Nuevo,163,Honestamente no está calibrado y me marca esa doble raya.,0,1,08 abr. 2025
Nivel Láser Autonivelante 360° 16 Líneas Verde Con Trípode,OFERTA DEL DÍA,4.7,604,0.0,1024.0,0,Nuevo,164,Quiero regresarlo no se mantiene encendido.,0,1,09 may. 2025
Nivel Láser Autonivelante 360° 16 Líneas Verde Con Trípode,OFERTA DEL DÍA,4.7,604,0.0,1024.0,0,Nuevo,165,Está muy sensible el material es de poca calidad.,0,2,01 may. 2025
Hifiluz Tira De Led Luz Neón Flex 6.5m Bluetooth Rgb Ip68 Impermeable 16 Millones De Colores Sincronización De Música Led Tv Diy Tiras De Luces Flexible,OFERTA DEL DÍA,4.7,1528,0.0,176.0,0,Nuevo,1,"El producto superó mis expectativas, tiene buena calidad, todas luces realmente sea ven muy bien, los colores nítidos e ilumina la zona donde lo pongas. Sin duda alguna lo recomiendo, no se calienta aún teniéndolo prendido 24 horas consecutivas. Los colores están padrísimos!!.",42,5,08 oct. 2024
Hifiluz Tira De Led Luz Neón Flex 6.5m Bluetooth Rgb Ip68 Impermeable 16 Millones De Colores Sincronización De Música Led Tv Diy Tiras De Luces Flexible,OFERTA DEL DÍA,4.7,1528,0.0,176.0,0,Nuevo,2,"La luz led neón es una opción completa y de alta calidad para mi que busco una iluminación decorativa versátil. Ofrece un control personalizado gracias a su app bluetooth, efectos dinámicos con la sincronización de música y una resistencia destacable para interiores y exteriores.",20,5,20 oct. 2024
Hifiluz Tira De Led Luz Neón Flex 6.5m Bluetooth Rgb Ip68 Impermeable 16 Millones De Colores Sincronización De Música Led Tv Diy Tiras De Luces Flexible,OFERTA DEL DÍA,4.7,1528,0.0,176.0,0,Nuevo,3,"Queríamos adornar nuestro patio principal, y como es muy pequeño no compramos está tira de luz led, me encantó el tipo de material, ya que es muy flexible y se puede manipular con facilidad, es ideal para mí patio porque es a prueba de agua, así que no tengo que preocuparme cuando llueva. Me encantó y más porque puedo cambiar de color, con ayuda de su control. Me fascino demasiado.",11,5,14 oct. 2024
Hifiluz Tira De Led Luz Neón Flex 6.5m Bluetooth Rgb Ip68 Impermeable 16 Millones De Colores Sincronización De Música Led Tv Diy Tiras De Luces Flexible,OFERTA DEL DÍA,4.7,1528,0.0,176.0,0,Nuevo,4,"Las luces led están super bien, incluye todo para colocarlas, en cuanto a sus materiales ese ven de muy buena calidad. Tiene variedad de colores y puedes manipularlas con su control o con una aplicación, ideal para darle luminosidad a tus espacios, es de 6m aproximadamente; facilemente de instalar si las recomiendo.",8,5,14 oct. 2024
Hifiluz Tira De Led Luz Neón Flex 6.5m Bluetooth Rgb Ip68 Impermeable 16 Millones De Colores Sincronización De Música Led Tv Diy Tiras De Luces Flexible,OFERTA DEL DÍA,4.7,1528,0.0,176.0,0,Nuevo,5,"La tira de led mide 6. 5 metros y ofrece una iluminación rgb. Es flexible y permite crear diversas formas para decorar cualquier espacio. Cuenta con conectividad bluetooth para controlarla desde una app, facilitando la selección de colores y modos de iluminación. Además, tiene un modo de sincronización con la música. Incluye un control remoto para mayor comodidad.",5,5,23 ene. 2025
Hifiluz Tira De Led Luz Neón Flex 6.5m Bluetooth Rgb Ip68 Impermeable 16 Millones De Colores Sincronización De Música Led Tv Diy Tiras De Luces Flexible,OFERTA DEL DÍA,4.7,1528,0.0,176.0,0,Nuevo,6,"Adquirí está tira de luces para adornar el cuarto de mi hija, trae un control remoto con el cual puedo modificar el color, el parpadeo y la intensidad, es la mejor inversión para adornar habitaciones.",5,5,21 ene. 2025
Hifiluz Tira De Led Luz Neón Flex 6.5m Bluetooth Rgb Ip68 Impermeable 16 Millones De Colores Sincronización De Música Led Tv Diy Tiras De Luces Flexible,OFERTA DEL DÍA,4.7,1528,0.0,176.0,0,Nuevo,7,,5,5,28 dic. 2024
Hifiluz Tira De Led Luz Neón Flex 6.5m Bluetooth Rgb Ip68 Impermeable 16 Millones De Colores Sincronización De Música Led Tv Diy Tiras De Luces Flexible,OFERTA DEL DÍA,4.7,1528,0.0,176.0,0,Nuevo,8,,5,5,14 nov. 2024
Hifiluz Tira De Led Luz Neón Flex 6.5m Bluetooth Rgb Ip68 Impermeable 16 Millones De Colores Sincronización De Música Led Tv Diy Tiras De Luces Flexible,OFERTA DEL DÍA,4.7,1528,0.0,176.0,0,Nuevo,9,"Me encantan. Brillan muy bonito, los colores son intensos y la tira es resistente, completamente impermeable y facil de instalar y configurar. Necesitare mas.",3,5,14 oct. 2024
Hifiluz Tira De Led Luz Neón Flex 6.5m Bluetooth Rgb Ip68 Impermeable 16 Millones De Colores Sincronización De Música Led Tv Diy Tiras De Luces Flexible,OFERTA DEL DÍA,4.7,1528,0.0,176.0,0,Nuevo,10,"La compré para ponerlas en el cuarto de mi hijo, me gustó mucho desde que las ví, me gusta mucho que es flexible entonces la puedo poner en todas las esquinas y no se maltrata, ademas se conecta a la electricidad y eso ayuda al funcionamiento, los colores son justo los que dice el control y ayudan mucho a la decoración.",3,5,16 oct. 2024
Hifiluz Tira De Led Luz Neón Flex 6.5m Bluetooth Rgb Ip68 Impermeable 16 Millones De Colores Sincronización De Música Led Tv Diy Tiras De Luces Flexible,OFERTA DEL DÍA,4.7,1528,0.0,176.0,0,Nuevo,11,Excelente producto.,3,5,07 dic. 2024
Hifiluz Tira De Led Luz Neón Flex 6.5m Bluetooth Rgb Ip68 Impermeable 16 Millones De Colores Sincronización De Música Led Tv Diy Tiras De Luces Flexible,OFERTA DEL DÍA,4.7,1528,0.0,176.0,0,Nuevo,12,,2,5,17 feb. 2025
Hifiluz Tira De Led Luz Neón Flex 6.5m Bluetooth Rgb Ip68 Impermeable 16 Millones De Colores Sincronización De Música Led Tv Diy Tiras De Luces Flexible,OFERTA DEL DÍA,4.7,1528,0.0,176.0,0,Nuevo,13,"Me encantaron, son de buena calidad, fáciles de instalar y ofrecen muy buena iluminación, se pueden hacer letras estilo neón.",2,5,19 oct. 2024
Hifiluz Tira De Led Luz Neón Flex 6.5m Bluetooth Rgb Ip68 Impermeable 16 Millones De Colores Sincronización De Música Led Tv Diy Tiras De Luces Flexible,OFERTA DEL DÍA,4.7,1528,0.0,176.0,0,Nuevo,14,Me pareció muy buena compra. Relación calidad precio. Fácil de instalar y la puedes concertar mediante una app o con el control. Viene con sus grapas para fácil instalación. 👏🏻.,2,5,24 mar. 2025
Hifiluz Tira De Led Luz Neón Flex 6.5m Bluetooth Rgb Ip68 Impermeable 16 Millones De Colores Sincronización De Música Led Tv Diy Tiras De Luces Flexible,OFERTA DEL DÍA,4.7,1528,0.0,176.0,0,Nuevo,15,"Esta luz es una joya, mucho más accesible que otras marcas e igual de funcional o superior. Me ha encantado la calidad de iluminación y sobre todo la posibilidad de configurar la iluminación por segmentos, prácticamente las posibilidades son infinitas. Fue sumamente fácil de vincular mediante su aplicación y su interfaz es muy intuitiva. Tiene varias funciones de emparejamiento, entre ellas el uso del micrófono y música para que funcione a la par. La recomiendo completamente.",2,5,18 ene. 2025
Hifiluz Tira De Led Luz Neón Flex 6.5m Bluetooth Rgb Ip68 Impermeable 16 Millones De Colores Sincronización De Música Led Tv Diy Tiras De Luces Flexible,OFERTA DEL DÍA,4.7,1528,0.0,176.0,0,Nuevo,16,Los materiales de estas tiras led están bastante bien; me gustó que traiga los plásticos para la colocación de las tiras. Fue fácil poder sincronizarlo con mi celular y configurar las luces a mi gusto.,1,5,09 mar. 2025
Hifiluz Tira De Led Luz Neón Flex 6.5m Bluetooth Rgb Ip68 Impermeable 16 Millones De Colores Sincronización De Música Led Tv Diy Tiras De Luces Flexible,OFERTA DEL DÍA,4.7,1528,0.0,176.0,0,Nuevo,17,"Me gusta como se ve esta tira led, la pedí para decoración de un cuarto y por como enciende se va a ver bastante bien, se pueden configuran diferentes tonos de luz, asi como efectos. Viene con su control remoto para su uso cómodo o también se puede vincular a una aplicación mediante bluetooth para cambiar el color desde el celular. Por el precio y los metros que trae esta muy bien.",1,5,13 oct. 2024
Hifiluz Tira De Led Luz Neón Flex 6.5m Bluetooth Rgb Ip68 Impermeable 16 Millones De Colores Sincronización De Música Led Tv Diy Tiras De Luces Flexible,OFERTA DEL DÍA,4.7,1528,0.0,176.0,0,Nuevo,18,Las luces son maravillosas me gusta mucho como se ven. La calidad de brillo es muy buena y la iluminación es muy fuerte y potente da un toque muy bonito y agradable a la habitación donde se instale. Las luces son ritmicas y también son muy agradable de ver. La verdad las recomiendo mucho pues son muy bonitas y fáciles de instalar.,0,5,12 may. 2025
Hifiluz Tira De Led Luz Neón Flex 6.5m Bluetooth Rgb Ip68 Impermeable 16 Millones De Colores Sincronización De Música Led Tv Diy Tiras De Luces Flexible,OFERTA DEL DÍA,4.7,1528,0.0,176.0,0,Nuevo,19,"Buen tamaño y luz brillante. Se coloca super fácil y se adhiere con firmeza. Tiene muchos colores que pueden ser programados con el control, se puede regular la intensidad.",0,5,19 ene. 2025
Hifiluz Tira De Led Luz Neón Flex 6.5m Bluetooth Rgb Ip68 Impermeable 16 Millones De Colores Sincronización De Música Led Tv Diy Tiras De Luces Flexible,OFERTA DEL DÍA,4.7,1528,0.0,176.0,0,Nuevo,20,"Tiene bastantes colores para escojer, el material se siente resistente y de calidad, lo probé con la aplicación y lo coloque con música y en efecto hace el seguimiento del ritmo de la musica.",0,5,17 ene. 2025
Hifiluz Tira De Led Luz Neón Flex 6.5m Bluetooth Rgb Ip68 Impermeable 16 Millones De Colores Sincronización De Música Led Tv Diy Tiras De Luces Flexible,OFERTA DEL DÍA,4.7,1528,0.0,176.0,0,Nuevo,21,"Me gustaron mucho las luces leds que compré tienen mucho colores diferentes cada uno se ve hermoso, además de que tiene modalidades que funcionan con el ruido del ambiente, son muyy sencillas de colocar me encantaron.",0,5,14 ene. 2025
Hifiluz Tira De Led Luz Neón Flex 6.5m Bluetooth Rgb Ip68 Impermeable 16 Millones De Colores Sincronización De Música Led Tv Diy Tiras De Luces Flexible,OFERTA DEL DÍA,4.7,1528,0.0,176.0,0,Nuevo,22,La tira de luz led me ha gustado mucho porque tiene una gran variedad de colores además de que el control te ayuda mucho a configurar el tipo de luz ritmo o intensidad incluye todo lo necesario para colocarla es un excelente producto.,0,5,13 ene. 2025
Hifiluz Tira De Led Luz Neón Flex 6.5m Bluetooth Rgb Ip68 Impermeable 16 Millones De Colores Sincronización De Música Led Tv Diy Tiras De Luces Flexible,OFERTA DEL DÍA,4.7,1528,0.0,176.0,0,Nuevo,23,"Esta tira de luces tiene una iluminación muy buena, se conecta muy fácil y es muy fácil de controlar desde la aplicación o con el control que tiene, y se puede poner cualquier color tiene un buen largo, me gustó.",0,5,19 dic. 2024
Hifiluz Tira De Led Luz Neón Flex 6.5m Bluetooth Rgb Ip68 Impermeable 16 Millones De Colores Sincronización De Música Led Tv Diy Tiras De Luces Flexible,OFERTA DEL DÍA,4.7,1528,0.0,176.0,0,Nuevo,24,"Estas luces led me sorprendieron desde el primer momento. La instalación fue sencilla y rápida, y la aplicación para controlarlas es muy intuitiva. Me encanta cómo se sincronizan con la música, creando un ambiente único en mi sala. Además, su resistencia al agua me da tranquilidad al usarlas en exteriores. Sin duda, una excelente compra que ha transformado mis espacios.",0,5,19 may. 2025
Hifiluz Tira De Led Luz Neón Flex 6.5m Bluetooth Rgb Ip68 Impermeable 16 Millones De Colores Sincronización De Música Led Tv Diy Tiras De Luces Flexible,OFERTA DEL DÍA,4.7,1528,0.0,176.0,0,Nuevo,25,"Muy bonita luz me encantó, todos los colores la volvería a comprar 😊.",0,5,18 may. 2025
Hifiluz Tira De Led Luz Neón Flex 6.5m Bluetooth Rgb Ip68 Impermeable 16 Millones De Colores Sincronización De Música Led Tv Diy Tiras De Luces Flexible,OFERTA DEL DÍA,4.7,1528,0.0,176.0,0,Nuevo,26,"Pues la verdad es que estás muy bonitas,cumple con lo que dice y el precio es bastante bueno.",0,5,02 may. 2025
Hifiluz Tira De Led Luz Neón Flex 6.5m Bluetooth Rgb Ip68 Impermeable 16 Millones De Colores Sincronización De Música Led Tv Diy Tiras De Luces Flexible,OFERTA DEL DÍA,4.7,1528,0.0,176.0,0,Nuevo,27,Me gustó bastante es rgb se ve muy bonito y es muy fácil de instalar me agrado que incluye los seguros para poder colocarlo de fácil manera a la pared.,0,5,09 feb. 2025
Hifiluz Tira De Led Luz Neón Flex 6.5m Bluetooth Rgb Ip68 Impermeable 16 Millones De Colores Sincronización De Música Led Tv Diy Tiras De Luces Flexible,OFERTA DEL DÍA,4.7,1528,0.0,176.0,0,Nuevo,28,"Excelente producto este producto ha superado mis expectativas , la tira de led de es increíblemente flexible y fácil de instalar, perfecta para decorar interiores o exteriores , la conexión bluetooth permite controlar los colores y efectos desde el celular de manera intuitiva, con una amplia gama de tonos para personalizar cualquier ambiente , el nivel de protección garantiza que sea totalmente resistente al agua, ideal para uso en exteriores como jardines eh patios o incluso piscinas , la iluminación es uniforme y brillante lo que da un efecto de neón muy atractivo.",0,5,24 ene. 2025
Hifiluz Tira De Led Luz Neón Flex 6.5m Bluetooth Rgb Ip68 Impermeable 16 Millones De Colores Sincronización De Música Led Tv Diy Tiras De Luces Flexible,OFERTA DEL DÍA,4.7,1528,0.0,176.0,0,Nuevo,29,"Este producto me pareció muy atractivo, ya que a diferencia de otras tiras led que se ven como puntitos está se ve corrida , una sola iluminación, tiene varios colores para cambiar y de igual manera con el control remoto puede hacer varias funciones que harán que el entorno donde se coloque se vea bonito, son de buen tamaño y trae todo lo necesario para su instalación, en general muy buen producto y a precio accesible.",0,5,19 ene. 2025
Hifiluz Tira De Led Luz Neón Flex 6.5m Bluetooth Rgb Ip68 Impermeable 16 Millones De Colores Sincronización De Música Led Tv Diy Tiras De Luces Flexible,OFERTA DEL DÍA,4.7,1528,0.0,176.0,0,Nuevo,30,"Está súper la tira flexible de luz led neon en todos sus componentes se observan a simple vista que tiene buena calidad y además la luz que desprende es sutil en sus tonos sólidos de los diversos colores y hace que tenga buen espectro de luz. Ya lo hice y puse a prueba la tira led, creo que va a quedar fabulosa para iluminar el closet de mi vetidor, además que su instalacion no es complicada por su tamaño la puedes ocultar fácilmente en cualquier espacio y su flexibilidad ayuda mucho para colocarla. También cuenta con su eliminador, un pequeño regulador y un receptor de sonido para iluminar de acuerdo a la música que escuches, la verdad está fabulosa. Es una buena compra porque el producto tiene buena calidad y su precio es muy económico, en relación a los precios que lo tienen en las tiendas locales.",0,5,16 ene. 2025
Celular Honor X6b Plus 256 Gb 8gb Ram Morado Estelar,na,4.7,258,0.0,2799.0,0,Nuevo,N/A,N/A,N/A,N/A,N/A
Hidrolavadora 2030psi 1200w Adr411 Adir Color Amarillo,na,4.6,3495,0.0,1114.0,0,Nuevo,1,"En cuanto a la apariencia muy bien, pero aún no la he podido probar, vivo en monterrey y es difícil tener agua aunque sea para lo básico. Ahora tengo hidrolavadora pero no tengo agua. Jajaja jajaja jajaja.",468,5,25 jul. 2022
Hidrolavadora 2030psi 1200w Adr411 Adir Color Amarillo,na,4.6,3495,0.0,1114.0,0,Nuevo,2,"Muy buena. !:estube mirando los comentarios y son muchos los buenos comentarios y por eso me decidí a comprarla. Y quedé satisfecho con el producto ya que lave mi camioneta,mi aire de ventana, y un colchón king size. Y no se raja jala muy bien,tiene buena potencia exelente.",111,5,02 oct. 2022
Hidrolavadora 2030psi 1200w Adr411 Adir Color Amarillo,na,4.6,3495,0.0,1114.0,0,Nuevo,3,"Excelente, después de batallar y sufrir con garantías y reparaciones caras de mi karcher k3, la jubilé por mala y latosa. Estoy muy agusto con mi compra, es más potente y espero que no salga como la anterior. Por precio y rendimiento es excelente compra.",72,5,10 jun. 2024
Hidrolavadora 2030psi 1200w Adr411 Adir Color Amarillo,na,4.6,3495,0.0,1114.0,0,Nuevo,4,En la parte donde va conectado el aspersor trae un oring que se rompió y provoca una fuga del agua.,37,5,23 mar. 2024
Hidrolavadora 2030psi 1200w Adr411 Adir Color Amarillo,na,4.6,3495,0.0,1114.0,0,Nuevo,5,"Ya paso el mes de prueba y hasta ahorita no tengo ningún problema ,solo la uso los fines de semana q lavo mi moto y pues por la presión es buena ,quite un poco de mho q tenía en un parte de un piso y lo quito fácilmente ,por un momento me deje llevar por malos comentarios pero ya probandola nda q ver o al menos no es mi caso porque me salio bien ,tiene buena potencia y pues yo solo la uso para mi moto ,así q para mi esta bien.",23,5,31 oct. 2024
Hidrolavadora 2030psi 1200w Adr411 Adir Color Amarillo,na,4.6,3495,0.0,1114.0,0,Nuevo,6,Me parece muy bueno las medidas muy fáciles de manejar y cargas súper útil lo compre para la limpieza de minisplit.,22,5,28 may. 2023
Hidrolavadora 2030psi 1200w Adr411 Adir Color Amarillo,na,4.6,3495,0.0,1114.0,0,Nuevo,7,"Buenas tardes el producto me pareció muy bien solo tengo una duda mi pregunta es por qué al momento de presionar la pistola para que salga el agua,avienta con mucha fuerza y despues poca, así sucesivamente ¿que podra hacer ? y es nueva apenas la recibí hoy solo esa es mi duda de ahí en fuera muy bien todo.",20,5,04 ago. 2023
Hidrolavadora 2030psi 1200w Adr411 Adir Color Amarillo,na,4.6,3495,0.0,1114.0,0,Nuevo,8,"Excelente. No es de esas veces que dices, relación precio calidad, es mucho mejor que el precio. Super potente. Tengo todo el día lavando una pared con lama y se lleva todo.",16,5,17 oct. 2024
Hidrolavadora 2030psi 1200w Adr411 Adir Color Amarillo,na,4.6,3495,0.0,1114.0,0,Nuevo,9,"Excelente hidrolavadora para el hogar, sus entradas de mangueras son muy prácticas y vienen de metal, lo que es mucho mejor en comparación con otras marcas que vienen de plástico y se pueden quebrar, la presión muy adecuada para la casa y el tamaño muy compacta, estoy muy satisfecho con mi compra si la recomiendo ampliamente.",16,5,20 sep. 2022
Hidrolavadora 2030psi 1200w Adr411 Adir Color Amarillo,na,4.6,3495,0.0,1114.0,0,Nuevo,10,,13,5,21 ene. 2024
Hidrolavadora 2030psi 1200w Adr411 Adir Color Amarillo,na,4.6,3495,0.0,1114.0,0,Nuevo,11,"Muy buen producto. Realmente dudaba del productoy pensaba comprarme una tropper pero la verdad que me cambio completamente mis espectativas, es mucho mejor que la tropper. La recomiendo mucho. Lastima que no se puede poner foto o video para que vean lo fuerte que era.",12,5,23 dic. 2022
Hidrolavadora 2030psi 1200w Adr411 Adir Color Amarillo,na,4.6,3495,0.0,1114.0,0,Nuevo,12,"Al pincipio creri que estaba mal. Pero reconecte con calma y pude osbservar que en realidad es un buen equipo el que adquiri. Lanza el agua con fuerza. Lo recomiendo,. Hice una compra acertada.",12,5,18 dic. 2022
Hidrolavadora 2030psi 1200w Adr411 Adir Color Amarillo,na,4.6,3495,0.0,1114.0,0,Nuevo,13,Está bien solo si suelta agua y le puse teflón.,11,5,22 abr. 2024
Hidrolavadora 2030psi 1200w Adr411 Adir Color Amarillo,na,4.6,3495,0.0,1114.0,0,Nuevo,14,Me pareció excelente buena potencia fácil de transportar lo que no me gustó es que cuesta trabajo quitar la manguera que va a la pistola en todo lo demás esta perfecto.,8,5,05 ago. 2022
Hidrolavadora 2030psi 1200w Adr411 Adir Color Amarillo,na,4.6,3495,0.0,1114.0,0,Nuevo,15,Muy buen producto cumple con las espectativas.,8,5,26 mar. 2023
Hidrolavadora 2030psi 1200w Adr411 Adir Color Amarillo,na,4.6,3495,0.0,1114.0,0,Nuevo,16,"Llevo once meses con él y todo me ha resultado de maravilla, igual su uso es esporádicamente, pero hasta ahora no ha tenido alguna falla o problema de fabrica.",6,4,26 ago. 2023
Hidrolavadora 2030psi 1200w Adr411 Adir Color Amarillo,na,4.6,3495,0.0,1114.0,0,Nuevo,17,Muy bien y fácil de manejar aparte buena potencia.,5,5,01 sep. 2024
Hidrolavadora 2030psi 1200w Adr411 Adir Color Amarillo,na,4.6,3495,0.0,1114.0,0,Nuevo,18,"El problema que tiene es que el conector hacia la manguera de surtido de agua no sirve, porque tira agua, tuve que improvisar y es un poco molesto estar enroscando y desenroscando, pero de ahí en fuera todo bien.",5,4,07 sep. 2022
Hidrolavadora 2030psi 1200w Adr411 Adir Color Amarillo,na,4.6,3495,0.0,1114.0,0,Nuevo,19,"Excelente producto, buena presión y muy compacto.",4,5,22 abr. 2024
Hidrolavadora 2030psi 1200w Adr411 Adir Color Amarillo,na,4.6,3495,0.0,1114.0,0,Nuevo,20,"Es un buen producto, tiene muy buena potencia para lavar autos, motos, solo la uso los fines de semana, lavo mi moto y pues tiene una buena presión, quite un poco de mho q tenía en un parte de un superior del techo y lo quito fácilmente, igualmente funciona con otra superficie que necesites limpieza, se me que los materiales son buenos y lo he usado pocas ocasiones para lavar. ""la verdad si trae todos los accesorios necesarios (en caso de usarlo con manguera directa necesita una adaptador de rosca a unión de manguera)"". *recomiendo bastante por la calidad-precio*.",3,5,30 nov. 2024
Hidrolavadora 2030psi 1200w Adr411 Adir Color Amarillo,na,4.6,3495,0.0,1114.0,0,Nuevo,21,Excelente compacto y muy potente.,3,5,09 may. 2024
Hidrolavadora 2030psi 1200w Adr411 Adir Color Amarillo,na,4.6,3495,0.0,1114.0,0,Nuevo,22,"La pistola se agrietó por la presión del agua, ahora sale más a presión por la grieta, que por la punta de la pistola. Y ahora donde consigo la pistola ?.",3,5,18 nov. 2024
Hidrolavadora 2030psi 1200w Adr411 Adir Color Amarillo,na,4.6,3495,0.0,1114.0,0,Nuevo,23,Súper! justo lo que necesitaba.,3,5,04 jun. 2024
Hidrolavadora 2030psi 1200w Adr411 Adir Color Amarillo,na,4.6,3495,0.0,1114.0,0,Nuevo,24,Es pequeña a mi esposo le gustó pero aún no la prueba pues le falta la manguera que va al tanque de agua. Todo bien.,3,5,10 mar. 2024
Hidrolavadora 2030psi 1200w Adr411 Adir Color Amarillo,na,4.6,3495,0.0,1114.0,0,Nuevo,25,Muy bien.,3,5,05 feb. 2024
Hidrolavadora 2030psi 1200w Adr411 Adir Color Amarillo,na,4.6,3495,0.0,1114.0,0,Nuevo,26,"Excelente producto idéntico al de las fotos, fácil de usar e instalar, para uso doméstico es súper práctico. Me gustó mucho.",3,5,09 ago. 2023
Hidrolavadora 2030psi 1200w Adr411 Adir Color Amarillo,na,4.6,3495,0.0,1114.0,0,Nuevo,27,"Muy buena presion arroja, practico para usalo.",3,5,28 abr. 2023
Hidrolavadora 2030psi 1200w Adr411 Adir Color Amarillo,na,4.6,3495,0.0,1114.0,0,Nuevo,28,Sabía que no me defraudaría la marca adir. Excelente hidrolavadora. Voy a comprarme otra.,2,5,26 abr. 2024
Hidrolavadora 2030psi 1200w Adr411 Adir Color Amarillo,na,4.6,3495,0.0,1114.0,0,Nuevo,29,"Excelente,superó mis expectativas.",2,5,14 abr. 2024
Hidrolavadora 2030psi 1200w Adr411 Adir Color Amarillo,na,4.6,3495,0.0,1114.0,0,Nuevo,30,Esta genial se ve muy pequeña pero muy pesadita nada que ver con una carcher que eh probado en peso se lo lleva adir quizás por la calidad de los materiales y la presión es genial.,1,5,28 nov. 2024
Hidrolavadora Eléctrica Portátil Y Inalámbrica Ironhoof Xbmxf015bk Negro De 550w Con 680psi De Presión Máxima 110v,OFERTA DEL DÍA,4.4,2305,0.0,286.0,0,Nuevo,1,"Estoy conforme pero hay algunos puntos a considerar por si quieres comprarla. Los materiales son de un platico de baja calidad que pareciera ser que se quiebran con facilidad, es fácil de usar, la fuerza de riego es baja, a mi pesar le hace falta potencia pero cumple la función de regar, esparcir y reducir el desperdicio de agua. Al ser inalámbrica te permite maniobrar y agilizar el trabajo. La recomiendo para lavar el carro pero no para quitar suciedad de los rines o loderas.",87,4,06 nov. 2024
Hidrolavadora Eléctrica Portátil Y Inalámbrica Ironhoof Xbmxf015bk Negro De 550w Con 680psi De Presión Máxima 110v,OFERTA DEL DÍA,4.4,2305,0.0,286.0,0,Nuevo,2,Superó todas mis espectativas.,19,5,04 dic. 2023
Hidrolavadora Eléctrica Portátil Y Inalámbrica Ironhoof Xbmxf015bk Negro De 550w Con 680psi De Presión Máxima 110v,OFERTA DEL DÍA,4.4,2305,0.0,286.0,0,Nuevo,3,Cumple con su función.,13,5,05 dic. 2023
Hidrolavadora Eléctrica Portátil Y Inalámbrica Ironhoof Xbmxf015bk Negro De 550w Con 680psi De Presión Máxima 110v,OFERTA DEL DÍA,4.4,2305,0.0,286.0,0,Nuevo,4,"Por el precio no podría exigirle más, es un producto relativamente bueno aún que el material deja más que desear pues se siente frajil, tiene potencia necesaria para lavar un auto pequeño pero no para arrancar el barro en un camión. Le doy un 90 de calificación, para mí uso particular está perfecto.",13,4,17 nov. 2023
Hidrolavadora Eléctrica Portátil Y Inalámbrica Ironhoof Xbmxf015bk Negro De 550w Con 680psi De Presión Máxima 110v,OFERTA DEL DÍA,4.4,2305,0.0,286.0,0,Nuevo,5,"El producto sirve bien para su función solo q las pilas no le duran mucho la carga, donde enrosca el tubo donde van las punta como es de plástico tiene a varrerce y por último si quieren q de más precion de agua cambien la manguera original por una para sacar nivel de las q se usan en la obra y queda mejor.",10,4,23 may. 2024
Hidrolavadora Eléctrica Portátil Y Inalámbrica Ironhoof Xbmxf015bk Negro De 550w Con 680psi De Presión Máxima 110v,OFERTA DEL DÍA,4.4,2305,0.0,286.0,0,Nuevo,6,Muy bueno para el precio!!.,6,5,04 dic. 2023
Hidrolavadora Eléctrica Portátil Y Inalámbrica Ironhoof Xbmxf015bk Negro De 550w Con 680psi De Presión Máxima 110v,OFERTA DEL DÍA,4.4,2305,0.0,286.0,0,Nuevo,7,Excelente producto ideal cuando no tienes contactos cerca.,6,5,23 abr. 2024
Hidrolavadora Eléctrica Portátil Y Inalámbrica Ironhoof Xbmxf015bk Negro De 550w Con 680psi De Presión Máxima 110v,OFERTA DEL DÍA,4.4,2305,0.0,286.0,0,Nuevo,8,"Funciona bien, la potencia está bien, no sabía si se conectaba a alguna manguera o algo, pero trae un filtro para usarlo con cubeta, la manguera gris que se aprecia en las fotos del producto es donde entra el agua, tiene muchas opciones de salida del agua, muy contenta con el producto, pd. Trae 2 baterías.",5,5,15 mar. 2024
Hidrolavadora Eléctrica Portátil Y Inalámbrica Ironhoof Xbmxf015bk Negro De 550w Con 680psi De Presión Máxima 110v,OFERTA DEL DÍA,4.4,2305,0.0,286.0,0,Nuevo,9,Excelente.,5,5,11 dic. 2023
Hidrolavadora Eléctrica Portátil Y Inalámbrica Ironhoof Xbmxf015bk Negro De 550w Con 680psi De Presión Máxima 110v,OFERTA DEL DÍA,4.4,2305,0.0,286.0,0,Nuevo,10,"Bueno, pero le falta potencia.",4,4,18 dic. 2023
Hidrolavadora Eléctrica Portátil Y Inalámbrica Ironhoof Xbmxf015bk Negro De 550w Con 680psi De Presión Máxima 110v,OFERTA DEL DÍA,4.4,2305,0.0,286.0,0,Nuevo,11,"Bueno, saca del apuro para uso ligero.",3,5,01 abr. 2025
Hidrolavadora Eléctrica Portátil Y Inalámbrica Ironhoof Xbmxf015bk Negro De 550w Con 680psi De Presión Máxima 110v,OFERTA DEL DÍA,4.4,2305,0.0,286.0,0,Nuevo,12,Excelente producto y cumple con su función 10de10. Totalmente recomendado.,3,5,28 dic. 2024
Hidrolavadora Eléctrica Portátil Y Inalámbrica Ironhoof Xbmxf015bk Negro De 550w Con 680psi De Presión Máxima 110v,OFERTA DEL DÍA,4.4,2305,0.0,286.0,0,Nuevo,13,No tiene mucha pontencia. No retiene mucha carga max 45 minutos x ambas baterías. Contenedor de jabón se acaba rápido. Las piezas embonan se quedan flojas.,2,4,25 nov. 2023
Hidrolavadora Eléctrica Portátil Y Inalámbrica Ironhoof Xbmxf015bk Negro De 550w Con 680psi De Presión Máxima 110v,OFERTA DEL DÍA,4.4,2305,0.0,286.0,0,Nuevo,14,Muy práctico y económico de fácil uso.,1,5,28 dic. 2024
Hidrolavadora Eléctrica Portátil Y Inalámbrica Ironhoof Xbmxf015bk Negro De 550w Con 680psi De Presión Máxima 110v,OFERTA DEL DÍA,4.4,2305,0.0,286.0,0,Nuevo,15,Es increíble 😊.,1,5,23 dic. 2024
Hidrolavadora Eléctrica Portátil Y Inalámbrica Ironhoof Xbmxf015bk Negro De 550w Con 680psi De Presión Máxima 110v,OFERTA DEL DÍA,4.4,2305,0.0,286.0,0,Nuevo,16,Bueno.,1,5,19 nov. 2024
Hidrolavadora Eléctrica Portátil Y Inalámbrica Ironhoof Xbmxf015bk Negro De 550w Con 680psi De Presión Máxima 110v,OFERTA DEL DÍA,4.4,2305,0.0,286.0,0,Nuevo,17,Lo ideal para lavar un carro.,1,5,15 may. 2025
Hidrolavadora Eléctrica Portátil Y Inalámbrica Ironhoof Xbmxf015bk Negro De 550w Con 680psi De Presión Máxima 110v,OFERTA DEL DÍA,4.4,2305,0.0,286.0,0,Nuevo,18,Es muy práctico y fácil de usar exelente producto.,1,4,17 abr. 2025
Hidrolavadora Eléctrica Portátil Y Inalámbrica Ironhoof Xbmxf015bk Negro De 550w Con 680psi De Presión Máxima 110v,OFERTA DEL DÍA,4.4,2305,0.0,286.0,0,Nuevo,19,Exelente.,1,5,06 abr. 2025
Hidrolavadora Eléctrica Portátil Y Inalámbrica Ironhoof Xbmxf015bk Negro De 550w Con 680psi De Presión Máxima 110v,OFERTA DEL DÍA,4.4,2305,0.0,286.0,0,Nuevo,20,Práctico pero sus pilas duran muy poco con carga.,1,4,25 mar. 2025
Hidrolavadora Eléctrica Portátil Y Inalámbrica Ironhoof Xbmxf015bk Negro De 550w Con 680psi De Presión Máxima 110v,OFERTA DEL DÍA,4.4,2305,0.0,286.0,0,Nuevo,21,Exelente producto cumple sus especificaciones.,1,5,01 feb. 2025
Hidrolavadora Eléctrica Portátil Y Inalámbrica Ironhoof Xbmxf015bk Negro De 550w Con 680psi De Presión Máxima 110v,OFERTA DEL DÍA,4.4,2305,0.0,286.0,0,Nuevo,22,"Por el precio que pagué, el producto rebasa las expectativas, muy bueno y funcional, fácil de armar. Ya solo falta ver cuanto dura, por el momento lo he usado 3 veces.",1,5,24 ene. 2025
Hidrolavadora Eléctrica Portátil Y Inalámbrica Ironhoof Xbmxf015bk Negro De 550w Con 680psi De Presión Máxima 110v,OFERTA DEL DÍA,4.4,2305,0.0,286.0,0,Nuevo,23,Por el precio está muy bien no tengo algo como para medir la presión para validar la presión que dice tener pero es muy útil y ayuda a no desperdiciar agua.,1,5,25 dic. 2024
Hidrolavadora Eléctrica Portátil Y Inalámbrica Ironhoof Xbmxf015bk Negro De 550w Con 680psi De Presión Máxima 110v,OFERTA DEL DÍA,4.4,2305,0.0,286.0,0,Nuevo,24,En la publicidad exageran la presión de la pistola pero si trajera las boquillas un poco mas estrechas o con mejor terminación si trabajaría mucho mejor pero en practicidad si esta bien.,1,4,24 dic. 2024
Hidrolavadora Eléctrica Portátil Y Inalámbrica Ironhoof Xbmxf015bk Negro De 550w Con 680psi De Presión Máxima 110v,OFERTA DEL DÍA,4.4,2305,0.0,286.0,0,Nuevo,25,Bien producto y funciona bastante bien.,1,4,27 nov. 2024
Hidrolavadora Eléctrica Portátil Y Inalámbrica Ironhoof Xbmxf015bk Negro De 550w Con 680psi De Presión Máxima 110v,OFERTA DEL DÍA,4.4,2305,0.0,286.0,0,Nuevo,26,"Calidad precio excelente la probé y funciona bien, excelente compra.",0,5,23 may. 2025
Hidrolavadora Eléctrica Portátil Y Inalámbrica Ironhoof Xbmxf015bk Negro De 550w Con 680psi De Presión Máxima 110v,OFERTA DEL DÍA,4.4,2305,0.0,286.0,0,Nuevo,27,Para el precio cumple con su función me sirvió para limpiarle a mis animalitos son problema lo remiendo.,0,4,24 mar. 2025
Hidrolavadora Eléctrica Portátil Y Inalámbrica Ironhoof Xbmxf015bk Negro De 550w Con 680psi De Presión Máxima 110v,OFERTA DEL DÍA,4.4,2305,0.0,286.0,0,Nuevo,28,Muy útil y fácil de usar.,0,5,24 mar. 2025
Hidrolavadora Eléctrica Portátil Y Inalámbrica Ironhoof Xbmxf015bk Negro De 550w Con 680psi De Presión Máxima 110v,OFERTA DEL DÍA,4.4,2305,0.0,286.0,0,Nuevo,29,"Es un buen producto en relación precio-calidad, sin problemas para lavar los autos puertas y ventanas del hogar. Satisfecho.",0,5,20 may. 2025
Hidrolavadora Eléctrica Portátil Y Inalámbrica Ironhoof Xbmxf015bk Negro De 550w Con 680psi De Presión Máxima 110v,OFERTA DEL DÍA,4.4,2305,0.0,286.0,0,Nuevo,30,Les recomiendo este producto el material es bueno excelente me gusto.,0,5,26 abr. 2025
